{
    "11": {
        "5": {
            "precision": 0.8229398663697105,
            "support": 1000,
            "recall": 0.739,
            "f1-score": 0.7787144362486829
        },
        "3": {
            "precision": 0.7033398821218074,
            "support": 1000,
            "recall": 0.716,
            "f1-score": 0.7096134786917739
        },
        "1": {
            "precision": 0.9276381909547738,
            "support": 1000,
            "recall": 0.923,
            "f1-score": 0.9253132832080201
        },
        "2": {
            "precision": 0.7460474308300395,
            "support": 1000,
            "recall": 0.755,
            "f1-score": 0.7504970178926442
        },
        "weighted avg": {
            "precision": 0.8346554205345632,
            "support": 10000,
            "recall": 0.8345,
            "f1-score": 0.8342464822034302
        },
        "accuracy": 0.8345,
        "avg": {
            "precision": 0.8346554205345633,
            "support": 10000,
            "recall": 0.8345,
            "f1-score": 0.8342464822034301
        },
        "4": {
            "precision": 0.8104639684106614,
            "support": 1000,
            "recall": 0.821,
            "f1-score": 0.8156979632389468
        },
        "8": {
            "precision": 0.875,
            "support": 1000,
            "recall": 0.924,
            "f1-score": 0.8988326848249028
        },
        "6": {
            "precision": 0.8525390625,
            "support": 1000,
            "recall": 0.873,
            "f1-score": 0.8626482213438735
        },
        "0": {
            "precision": 0.8265609514370664,
            "support": 1000,
            "recall": 0.834,
            "f1-score": 0.8302638128422101
        },
        "7": {
            "precision": 0.8801229508196722,
            "support": 1000,
            "recall": 0.859,
            "f1-score": 0.8694331983805668
        },
        "9": {
            "precision": 0.9019019019019019,
            "support": 1000,
            "recall": 0.901,
            "f1-score": 0.9014507253626813
        }
    },
    "10": {
        "5": {
            "precision": 0.8238702201622248,
            "recall": 0.711,
            "f1-score": 0.7632850241545894,
            "support": 1000
        },
        "3": {
            "precision": 0.7407407407407407,
            "recall": 0.62,
            "f1-score": 0.6750136091453457,
            "support": 1000
        },
        "1": {
            "precision": 0.8087986463620981,
            "recall": 0.956,
            "f1-score": 0.8762603116406966,
            "support": 1000
        },
        "2": {
            "precision": 0.73558648111332,
            "recall": 0.74,
            "f1-score": 0.7377866400797606,
            "support": 1000
        },
        "weighted avg": {
            "precision": 0.813267710251993,
            "recall": 0.8142,
            "f1-score": 0.8117881289496693,
            "support": 10000
        },
        "9": {
            "precision": 0.8742690058479532,
            "recall": 0.897,
            "f1-score": 0.8854886475814412,
            "support": 1000
        },
        "4": {
            "precision": 0.7757281553398059,
            "recall": 0.799,
            "f1-score": 0.7871921182266011,
            "support": 1000
        },
        "accuracy": 0.8142,
        "8": {
            "precision": 0.8331822302810517,
            "recall": 0.919,
            "f1-score": 0.8739895387541607,
            "support": 1000
        },
        "avg": {
            "precision": 0.813267710251993,
            "recall": 0.8141999999999999,
            "f1-score": 0.8117881289496693,
            "support": 10000
        },
        "0": {
            "precision": 0.8364978902953587,
            "recall": 0.793,
            "f1-score": 0.8141683778234088,
            "support": 1000
        },
        "7": {
            "precision": 0.8665276329509907,
            "recall": 0.831,
            "f1-score": 0.8483920367534457,
            "support": 1000
        },
        "6": {
            "precision": 0.8374760994263862,
            "recall": 0.876,
            "f1-score": 0.8563049853372433,
            "support": 1000
        }
    },
    "01": {
        "5": {
            "precision": 0.8060671722643553,
            "support": 1000,
            "recall": 0.744,
            "f1-score": 0.7737909516380655
        },
        "3": {
            "precision": 0.6925233644859813,
            "support": 1000,
            "recall": 0.741,
            "f1-score": 0.7159420289855073
        },
        "1": {
            "precision": 0.9331963001027749,
            "support": 1000,
            "recall": 0.908,
            "f1-score": 0.9204257475924987
        },
        "2": {
            "precision": 0.7854122621564482,
            "support": 1000,
            "recall": 0.743,
            "f1-score": 0.7636176772867421
        },
        "accuracy": 0.8355,
        "9": {
            "precision": 0.897131552917903,
            "support": 1000,
            "recall": 0.907,
            "f1-score": 0.902038786673297
        },
        "6": {
            "precision": 0.8538011695906432,
            "support": 1000,
            "recall": 0.876,
            "f1-score": 0.8647581441263573
        },
        "4": {
            "precision": 0.7984344422700587,
            "support": 1000,
            "recall": 0.816,
            "f1-score": 0.8071216617210683
        },
        "8": {
            "precision": 0.9066937119675457,
            "support": 1000,
            "recall": 0.894,
            "f1-score": 0.9003021148036254
        },
        "avg": {
            "precision": 0.8364996312382532,
            "support": 10000,
            "recall": 0.8355,
            "f1-score": 0.8356117637980305
        },
        "0": {
            "precision": 0.817752596789424,
            "support": 1000,
            "recall": 0.866,
            "f1-score": 0.8411850412821759
        },
        "7": {
            "precision": 0.8739837398373984,
            "support": 1000,
            "recall": 0.86,
            "f1-score": 0.8669354838709677
        },
        "weighted avg": {
            "precision": 0.8364996312382533,
            "support": 10000,
            "recall": 0.8355,
            "f1-score": 0.8356117637980306
        }
    },
   
    "00": {
        "5": {
            "precision": 0.8,
            "recall": 0.732,
            "f1-score": 0.764490861618799,
            "support": 1000
        },
        "3": {
            "precision": 0.6847521047708138,
            "recall": 0.732,
            "f1-score": 0.707588206863219,
            "support": 1000
        },
        "1": {
            "precision": 0.9331275720164609,
            "recall": 0.907,
            "f1-score": 0.9198782961460447,
            "support": 1000
        },
        "2": {
            "precision": 0.7863974495217854,
            "recall": 0.74,
            "f1-score": 0.762493560020608,
            "support": 1000
        },
        "weighted avg": {
            "precision": 0.8355837928575347,
            "recall": 0.8345,
            "f1-score": 0.8345859431922675,
            "support": 10000
        },
        "accuracy": 0.8345,
        "9": {
            "precision": 0.8989098116947473,
            "recall": 0.907,
            "f1-score": 0.9029367844698856,
            "support": 1000
        },
        "4": {
            "precision": 0.7945998071359691,
            "recall": 0.824,
            "f1-score": 0.8090328915071183,
            "support": 1000
        },
        "8": {
            "precision": 0.9131767109295199,
            "recall": 0.894,
            "f1-score": 0.9034866093986863,
            "support": 1000
        },
        "avg": {
            "precision": 0.8355837928575347,
            "recall": 0.8345,
            "f1-score": 0.8345859431922676,
            "support": 10000
        },