{"11": {"0": {"precision": 0.9984472049689441, "recall": 0.9968992248062015, "f1-score": 0.9976726144297905, "support": 645}, "1": {"precision": 1.0, "recall": 1.0, "f1-score": 1.0, "support": 659}, "2": {"precision": 1.0, "recall": 1.0, "f1-score": 1.0, "support": 659}, "3": {"precision": 0.9985549132947977, "recall": 1.0, "f1-score": 0.9992769342010123, "support": 691}, "4": {"precision": 1.0, "recall": 1.0, "f1-score": 1.0, "support": 669}, "5": {"precision": 0.9969558599695586, "recall": 1.0, "f1-score": 0.9984756097560976, "support": 655}, "6": {"precision": 1.0, "recall": 1.0, "f1-score": 1.0, "support": 692}, "7": {"precision": 1.0, "recall": 1.0, "f1-score": 1.0, "support": 645}, "8": {"precision": 0.9985185185185185, "recall": 0.9955686853766618, "f1-score": 0.9970414201183432, "support": 677}, "9": {"precision": 1.0, "recall": 1.0, "f1-score": 1.0, "support": 673}, "micro avg": {"precision": 0.9992498124531133, "recall": 0.9992498124531133, "f1-score": 0.9992498124531133, "support": 6665}, "macro avg": {"precision": 0.9992476496751819, "recall": 0.9992467910182864, "f1-score": 0.9992466578505244, "support": 6665}, "avg": {"precision": 0.9992502652076178, "recall": 0.9992498124531133, "f1-score": 0.9992494769168005, "support": 6665}}, "00": {"0": {"precision": 0.7369127516778523, "recall": 0.8511627906976744, "f1-score": 0.7899280575539568, "support": 645}, "1": {"precision": 0.9922480620155039, "recall": 0.9711684370257967, "f1-score": 0.9815950920245399, "support": 659}, "2": {"precision": 0.8653136531365314, "recall": 0.7116843702579666, "f1-score": 0.7810158201498751, "support": 659}, "3": {"precision": 0.910581222056632, "recall": 0.8842257597684515, "f1-score": 0.8972099853157123, "support": 691}, "4": {"precision": 0.7794729542302358, "recall": 0.8400597907324364, "f1-score": 0.8086330935251799, "support": 669}, "5": {"precision": 0.9680365296803652, "recall": 0.9709923664122138, "f1-score": 0.9695121951219512, "support": 655}, "6": {"precision": 0.6695156695156695, "recall": 0.6791907514450867, "f1-score": 0.6743185078909613, "support": 692}, "7": {"precision": 0.9447852760736196, "recall": 0.9550387596899225, "f1-score": 0.9498843484965305, "support": 645}, "8": {"precision": 0.9819277108433735, "recall": 0.9630723781388478, "f1-score": 0.9724086502609992, "support": 677}, "9": {"precision": 0.9684684684684685, "recall": 0.9583952451708767, "f1-score": 0.9634055265123227, "support": 673}, "micro avg": {"precision": 0.8777194298574643, "recall": 0.8777194298574643, "f1-score": 0.8777194298574643, "support": 6665}, "macro avg": {"precision": 0.8817262297698252, "recall": 0.8784990649339273, "f1-score": 0.8787911276852028, "support": 6665}, "avg": {"precision": 0.8812333891630574, "recall": 0.8777194298574643, "f1-score": 0.8781753493296204, "support": 6665}}, "01": {"0": {"precision": 0.5472972972972973, "recall": 0.627906976744186, "f1-score": 0.5848375451263539, "support": 645}, "1": {"precision": 1.0, "recall": 0.3505311077389985, "f1-score": 0.5191011235955056, "support": 659}, "2": {"precision": 0.40362438220757824, "recall": 0.7435508345978755, "f1-score": 0.5232247730912973, "support": 659}, "3": {"precision": 0.92, "recall": 0.2995658465991317, "f1-score": 0.45196506550218346, "support": 691}, "4": {"precision": 0.8127853881278538, "recall": 0.26606875934230195, "f1-score": 0.40090090090090086, "support": 669}, "5": {"precision": 0.9815668202764977, "recall": 0.3251908396946565, "f1-score": 0.48853211009174313, "support": 655}, "6": {"precision": 0.17653429602888088, "recall": 0.7066473988439307, "f1-score": 0.2824956672443675, "support": 692}, "7": {"precision": 0.9206349206349206, "recall": 0.17984496124031008, "f1-score": 0.3009079118028534, "support": 645}, "8": {"precision": 0.6809917355371901, "recall": 0.6085672082717873, "f1-score": 0.6427457098283932, "support": 677}, "9": {"precision": 0.9716981132075472, "recall": 0.4591381872213967, "f1-score": 0.6236125126135217, "support": 673}, "micro avg": {"precision": 0.4576144036009002, "recall": 0.4576144036009002, "f1-score": 0.4576144036009003, "support": 6665}, "macro avg": {"precision": 0.7415132953317766, "recall": 0.4567012120294575, "f1-score": 0.4818323319797121, "support": 6665}, "avg": {"precision": 0.7398875331401437, "recall": 0.4576144036009002, "f1-score": 0.4814725804931087, "support": 6665}}, "10": {"0": {"precision": 0.5648414985590778, "recall": 0.6077519379844961, "f1-score": 0.585511575802838, "support": 645}, "1": {"precision": 0.9956989247311828, "recall": 0.7025796661608498, "f1-score": 0.8238434163701067, "support": 659}, "2": {"precision": 0.4, "recall": 0.009104704097116844, "f1-score": 0.017804154302670624, "support": 659}, "3": {"precision": 0.7146433041301627, "recall": 0.8263386396526773, "f1-score": 0.7664429530201342, "support": 691}, "4": {"precision": 1.0, "recall": 0.0014947683109118087, "f1-score": 0.0029850746268656717, "support": 669}, "5": {"precision": 0.8438438438438438, "recall": 0.8580152671755725, "f1-score": 0.8508705526116579, "support": 655}, "6": {"precision": 0.25339147286821706, "recall": 0.7557803468208093, "f1-score": 0.3795355587808419, "support": 692}, "7": {"precision": 1.0, "recall": 0.12248062015503876, "f1-score": 0.21823204419889503, "support": 645}, "8": {"precision": 0.93952802359882, "recall": 0.9409158050221565, "f1-score": 0.9402214022140221, "support": 677}, "9": {"precision": 0.5581395348837209, "recall": 0.9985141158989599, "f1-score": 0.7160362280234416, "support": 673}, "micro avg": {"precision": 0.586046511627907, "recall": 0.586046511627907, "f1-score": 0.586046511627907, "support": 6665}, "macro avg": {"precision": 0.7270086602615026, "recall": 0.582297587127859, "f1-score": 0.5301482959951473, "support": 6665}, "avg": {"precision": 0.7249302141062366, "recall": 0.586046511627907, "f1-score": 0.5315904829455981, "support": 6665}}}