{"11": {"0": {"precision": 1.0, "recall": 1.0, "f1-score": 1.0, "support": 645}, "1": {"precision": 0.9984848484848485, "recall": 1.0, "f1-score": 0.9992418498862775, "support": 659}, "2": {"precision": 1.0, "recall": 0.9969650986342944, "f1-score": 0.9984802431610942, "support": 659}, "3": {"precision": 1.0, "recall": 0.9971056439942113, "f1-score": 0.9985507246376812, "support": 691}, "4": {"precision": 0.9985074626865672, "recall": 1.0, "f1-score": 0.9992531740104555, "support": 669}, "5": {"precision": 0.9908675799086758, "recall": 0.9938931297709923, "f1-score": 0.9923780487804879, "support": 655}, "6": {"precision": 0.9971181556195965, "recall": 1.0, "f1-score": 0.9985569985569985, "support": 692}, "7": {"precision": 0.9106628242074928, "recall": 0.9798449612403101, "f1-score": 0.9439880507841673, "support": 645}, "8": {"precision": 0.9940740740740741, "recall": 0.9911373707533235, "f1-score": 0.992603550295858, "support": 677}, "9": {"precision": 0.9791666666666666, "recall": 0.9078751857355126, "f1-score": 0.9421742482652274, "support": 673}, "micro avg": {"precision": 0.9866466616654164, "recall": 0.9866466616654164, "f1-score": 0.9866466616654164, "support": 6665}, "macro avg": {"precision": 0.9868881611647922, "recall": 0.9866821390128644, "f1-score": 0.9865226888378247, "support": 6665}, "avg": {"precision": 0.9871525690392229, "recall": 0.9866466616654164, "f1-score": 0.9866399120475762, "support": 6665}}, "00": {"0": {"precision": 0.34026465028355385, "recall": 0.8372093023255814, "f1-score": 0.4838709677419355, "support": 645}, "1": {"precision": 0.944620253164557, "recall": 0.9059180576631259, "f1-score": 0.924864446165763, "support": 659}, "2": {"precision": 0.6062378167641326, "recall": 0.47192716236722304, "f1-score": 0.530716723549488, "support": 659}, "3": {"precision": 0.8466666666666667, "recall": 0.7351664254703328, "f1-score": 0.7869868319132457, "support": 691}, "4": {"precision": 0.6125461254612546, "recall": 0.4962630792227205, "f1-score": 0.5483071841453345, "support": 669}, "5": {"precision": 0.9093701996927803, "recall": 0.9038167938931297, "f1-score": 0.9065849923430321, "support": 655}, "6": {"precision": 0.4353932584269663, "recall": 0.2239884393063584, "f1-score": 0.2958015267175573, "support": 692}, "7": {"precision": 0.896, "recall": 0.8682170542635659, "f1-score": 0.8818897637795274, "support": 645}, "8": {"precision": 0.8808510638297873, "recall": 0.6115214180206795, "f1-score": 0.7218831734960768, "support": 677}, "9": {"precision": 0.9071117561683599, "recall": 0.9286775631500743, "f1-score": 0.9177679882525697, "support": 673}, "micro avg": {"precision": 0.6952738184546137, "recall": 0.6952738184546137, "f1-score": 0.6952738184546137, "support": 6665}, "macro avg": {"precision": 0.7379061790458058, "recall": 0.6982705295682792, "f1-score": 0.699867359810453, "support": 6665}, "avg": {"precision": 0.7378841995289495, "recall": 0.6952738184546137, "f1-score": 0.698522079631363, "support": 6665}}, "01": {"0": {"precision": 0.28870292887029286, "recall": 0.641860465116279, "f1-score": 0.39826839826839827, "support": 645}, "1": {"precision": 0.0, "recall": 0.0, "f1-score": 0.0, "support": 659}, "2": {"precision": 0.14265294453973698, "recall": 0.7572078907435509, "f1-score": 0.24007697859032953, "support": 659}, "3": {"precision": 0.0, "recall": 0.0, "f1-score": 0.0, "support": 691}, "4": {"precision": 0.0, "recall": 0.0, "f1-score": 0.0, "support": 669}, "5": {"precision": 0.0, "recall": 0.0, "f1-score": 0.0, "support": 655}, "6": {"precision": 0.14472361809045226, "recall": 0.20809248554913296, "f1-score": 0.17071724955542383, "support": 692}, "7": {"precision": 0.0, "recall": 0.0, "f1-score": 0.0, "support": 645}, "8": {"precision": 0.14498644986449866, "recall": 0.15805022156573117, "f1-score": 0.15123674911660778, "support": 677}, "9": {"precision": 0.0, "recall": 0.0, "f1-score": 0.0, "support": 673}, "micro avg": {"precision": 0.17464366091522882, "recall": 0.17464366091522882, "f1-score": 0.17464366091522882, "support": 6665}, "macro avg": {"precision": 0.07210659413649807, "recall": 0.1765211062974694, "f1-score": 0.09602993755307594, "support": 6665}, "avg": {"precision": 0.0717968866991574, "recall": 0.17464366091522882, "f1-score": 0.09536646085798063, "support": 6665}}, "10": {"0": {"precision": 0.05286343612334802, "recall": 0.018604651162790697, "f1-score": 0.02752293577981652, "support": 645}, "1": {"precision": 0.22942320155541154, "recall": 0.5371775417298937, "f1-score": 0.32152588555858314, "support": 659}, "2": {"precision": 0.0, "recall": 0.0, "f1-score": 0.0, "support": 659}, "3": {"precision": 0.09237113402061856, "recall": 0.6483357452966715, "f1-score": 0.1617036635986284, "support": 691}, "4": {"precision": 0.0, "recall": 0.0, "f1-score": 0.0, "support": 669}, "5": {"precision": 0.9117647058823529, "recall": 0.04732824427480916, "f1-score": 0.0899854862119013, "support": 655}, "6": {"precision": 0.0, "recall": 0.0, "f1-score": 0.0, "support": 692}, "7": {"precision": 0.0, "recall": 0.0, "f1-score": 0.0, "support": 645}, "8": {"precision": 1.0, "recall": 0.0014771048744460858, "f1-score": 0.0029498525073746312, "support": 677}, "9": {"precision": 0.5555555555555556, "recall": 0.007429420505200594, "f1-score": 0.01466275659824047, "support": 673}, "micro avg": {"precision": 0.12768192048012003, "recall": 0.12768192048012003, "f1-score": 0.12768192048012003, "support": 6665}, "macro avg": {"precision": 0.2841978033137287, "recall": 0.1260352707843812, "f1-score": 0.06183505802545445, "support": 6665}, "avg": {"precision": 0.28465266781315124, "recall": 0.12768192048012003, "f1-score": 0.0618425600172009, "support": 6665}}}