{"11": {"0": {"precision": 0.7075949367088608, "recall": 0.8666666666666667, "f1-score": 0.7790940766550523, "support": 645}, "1": {"precision": 0.9892141756548536, "recall": 0.9742033383915023, "f1-score": 0.981651376146789, "support": 659}, "2": {"precision": 0.8658088235294118, "recall": 0.7147192716236722, "f1-score": 0.7830423940149626, "support": 659}, "3": {"precision": 0.9136163982430454, "recall": 0.9030390738060782, "f1-score": 0.908296943231441, "support": 691}, "4": {"precision": 0.7746288798920378, "recall": 0.8579970104633782, "f1-score": 0.8141843971631204, "support": 669}, "5": {"precision": 0.9875, "recall": 0.9648854961832061, "f1-score": 0.976061776061776, "support": 655}, "6": {"precision": 0.712171052631579, "recall": 0.6257225433526011, "f1-score": 0.6661538461538462, "support": 692}, "7": {"precision": 0.9385307346326837, "recall": 0.9705426356589147, "f1-score": 0.9542682926829268, "support": 645}, "8": {"precision": 0.9734121122599705, "recall": 0.9734121122599705, "f1-score": 0.9734121122599705, "support": 677}, "9": {"precision": 0.9669669669669669, "recall": 0.9569093610698366, "f1-score": 0.9619118745332338, "support": 673}, "micro avg": {"precision": 0.8798199549887472, "recall": 0.8798199549887472, "f1-score": 0.8798199549887472, "support": 6665}, "macro avg": {"precision": 0.8829444080519411, "recall": 0.8808097509475827, "f1-score": 0.8798077088903119, "support": 6665}, "avg": {"precision": 0.8826932488373991, "recall": 0.8798199549887472, "f1-score": 0.8792108160021659, "support": 6665}}, "00": {"0": {"precision": 0.6952624839948783, "recall": 0.8418604651162791, "f1-score": 0.761570827489481, "support": 645}, "1": {"precision": 0.9657738095238095, "recall": 0.9848254931714719, "f1-score": 0.9752066115702479, "support": 659}, "2": {"precision": 0.8171140939597316, "recall": 0.7389984825493171, "f1-score": 0.7760956175298804, "support": 659}, "3": {"precision": 0.9164086687306502, "recall": 0.8567293777134588, "f1-score": 0.8855646970830219, "support": 691}, "4": {"precision": 0.7892503536067893, "recall": 0.8340807174887892, "f1-score": 0.811046511627907, "support": 669}, "5": {"precision": 0.975346687211094, "recall": 0.966412213740458, "f1-score": 0.9708588957055214, "support": 655}, "6": {"precision": 0.738255033557047, "recall": 0.6358381502890174, "f1-score": 0.6832298136645962, "support": 692}, "7": {"precision": 0.9452887537993921, "recall": 0.9643410852713178, "f1-score": 0.9547198772064467, "support": 645}, "8": {"precision": 0.9582132564841499, "recall": 0.982274741506647, "f1-score": 0.9700948212983225, "support": 677}, "9": {"precision": 0.9714714714714715, "recall": 0.9613670133729569, "f1-score": 0.9663928304705004, "support": 673}, "micro avg": {"precision": 0.8756189047261815, "recall": 0.8756189047261815, "f1-score": 0.8756189047261815, "support": 6665}, "macro avg": {"precision": 0.8772384612339014, "recall": 0.8766727740219713, "f1-score": 0.8754780503645925, "support": 6665}, "avg": {"precision": 0.8772034196119418, "recall": 0.8756189047261815, "f1-score": 0.8749400108233943, "support": 6665}}, "01": {"0": {"precision": 0.49105545617173524, "recall": 0.8511627906976744, "f1-score": 0.6228020419739081, "support": 645}, "1": {"precision": 0.9891135303265941, "recall": 0.9650986342943855, "f1-score": 0.9769585253456222, "support": 659}, "2": {"precision": 0.8838174273858921, "recall": 0.6464339908952959, "f1-score": 0.7467134092900963, "support": 659}, "3": {"precision": 0.9101978691019786, "recall": 0.8654124457308249, "f1-score": 0.8872403560830859, "support": 691}, "4": {"precision": 0.7954911433172303, "recall": 0.7384155455904334, "f1-score": 0.765891472868217, "support": 669}, "5": {"precision": 0.9766718506998445, "recall": 0.9587786259541985, "f1-score": 0.967642526964561, "support": 655}, "6": {"precision": 0.7399193548387096, "recall": 0.5303468208092486, "f1-score": 0.6178451178451178, "support": 692}, "7": {"precision": 0.9192364170337739, "recall": 0.9705426356589147, "f1-score": 0.9441930618401206, "support": 645}, "8": {"precision": 0.9705449189985272, "recall": 0.9734121122599705, "f1-score": 0.971976401179941, "support": 677}, "9": {"precision": 0.9767441860465116, "recall": 0.9361069836552749, "f1-score": 0.9559939301972685, "support": 673}, "micro avg": {"precision": 0.8421605401350337, "recall": 0.8421605401350337, "f1-score": 0.8421605401350336, "support": 6665}, "macro avg": {"precision": 0.8652792153920796, "recall": 0.8435710585546221, "f1-score": 0.8457256843587938, "support": 6665}, "avg": {"precision": 0.8658937831818253, "recall": 0.8421605401350337, "f1-score": 0.8454377709856604, "support": 6665}}, "10": {"0": {"precision": 0.632762312633833, "recall": 0.9162790697674419, "f1-score": 0.7485750474984166, "support": 645}, "1": {"precision": 0.9965397923875432, "recall": 0.874051593323217, "f1-score": 0.931285367825384, "support": 659}, "2": {"precision": 0.8287795992714025, "recall": 0.6904400606980273, "f1-score": 0.7533112582781457, "support": 659}, "3": {"precision": 0.8175765645805593, "recall": 0.8885672937771346, "f1-score": 0.8515950069348129, "support": 691}, "4": {"precision": 0.7885245901639344, "recall": 0.71898355754858, "f1-score": 0.7521501172791243, "support": 669}, "5": {"precision": 0.9779874213836478, "recall": 0.9496183206106871, "f1-score": 0.9635941130906275, "support": 655}, "6": {"precision": 0.6317567567567568, "recall": 0.5404624277456648, "f1-score": 0.5825545171339565, "support": 692}, "7": {"precision": 0.9311377245508982, "recall": 0.9643410852713178, "f1-score": 0.9474485910129474, "support": 645}, "8": {"precision": 0.9632352941176471, "recall": 0.9675036927621861, "f1-score": 0.9653647752394988, "support": 677}, "9": {"precision": 0.9715142428785607, "recall": 0.962852897473997, "f1-score": 0.9671641791044776, "support": 673}, "micro avg": {"precision": 0.8459114778694674, "recall": 0.8459114778694674, "f1-score": 0.8459114778694674, "support": 6665}, "macro avg": {"precision": 0.8539814298724782, "recall": 0.8473099998978253, "f1-score": 0.8463042973397391, "support": 6665}, "avg": {"precision": 0.8533782710111205, "recall": 0.8459114778694674, "f1-score": 0.8453803926480506, "support": 6665}}}