{"11": {"0": {"precision": 0.733957219251337, "recall": 0.8511627906976744, "f1-score": 0.7882268485283561, "support": 645}, "1": {"precision": 0.995334370139969, "recall": 0.9711684370257967, "f1-score": 0.9831029185867897, "support": 659}, "2": {"precision": 0.8354037267080745, "recall": 0.8163884673748103, "f1-score": 0.8257866462010743, "support": 659}, "3": {"precision": 0.8954154727793696, "recall": 0.9044862518089725, "f1-score": 0.8999280057595392, "support": 691}, "4": {"precision": 0.8519685039370078, "recall": 0.8086696562032885, "f1-score": 0.829754601226994, "support": 669}, "5": {"precision": 0.984375, "recall": 0.9618320610687023, "f1-score": 0.9729729729729729, "support": 655}, "6": {"precision": 0.7396630934150077, "recall": 0.6979768786127167, "f1-score": 0.7182156133828996, "support": 692}, "7": {"precision": 0.9360730593607306, "recall": 0.9534883720930233, "f1-score": 0.9447004608294931, "support": 645}, "8": {"precision": 0.9791666666666666, "recall": 0.9719350073855244, "f1-score": 0.9755374351371386, "support": 677}, "9": {"precision": 0.957037037037037, "recall": 0.9598811292719168, "f1-score": 0.9584569732937686, "support": 673}, "micro avg": {"precision": 0.8889722430607652, "recall": 0.8889722430607652, "f1-score": 0.8889722430607652, "support": 6665}, "macro avg": {"precision": 0.89083941492952, "recall": 0.8896989051542425, "f1-score": 0.8896682475919026, "support": 6665}, "avg": {"precision": 0.8906105328213791, "recall": 0.8889722430607652, "f1-score": 0.8892025965948278, "support": 6665}}, "00": {"0": {"precision": 0.2233296419342931, "recall": 0.937984496124031, "f1-score": 0.360763267740012, "support": 645}, "1": {"precision": 0.9755671902268761, "recall": 0.8482549317147192, "f1-score": 0.9074675324675324, "support": 659}, "2": {"precision": 0.8716814159292036, "recall": 0.29893778452200304, "f1-score": 0.44519774011299434, "support": 659}, "3": {"precision": 0.8341880341880342, "recall": 0.7062228654124457, "f1-score": 0.7648902821316615, "support": 691}, "4": {"precision": 0.811965811965812, "recall": 0.14200298953662183, "f1-score": 0.24173027989821882, "support": 669}, "5": {"precision": 0.9575163398692811, "recall": 0.8946564885496183, "f1-score": 0.9250197316495659, "support": 655}, "6": {"precision": 0.688622754491018, "recall": 0.16618497109826588, "f1-score": 0.2677532013969732, "support": 692}, "7": {"precision": 0.890282131661442, "recall": 0.8806201550387597, "f1-score": 0.8854247856586125, "support": 645}, "8": {"precision": 0.9717223650385605, "recall": 0.5583456425406204, "f1-score": 0.7091932457786116, "support": 677}, "9": {"precision": 0.938366718027735, "recall": 0.9049034175334324, "f1-score": 0.9213313161875946, "support": 673}, "micro avg": {"precision": 0.6301575393848462, "recall": 0.6301575393848462, "f1-score": 0.6301575393848462, "support": 6665}, "macro avg": {"precision": 0.8163242403332257, "recall": 0.6338113742070517, "f1-score": 0.6428771383021777, "support": 6665}, "avg": {"precision": 0.8174527346348237, "recall": 0.6301575393848462, "f1-score": 0.6416815294915391, "support": 6665}}, "01": {"0": {"precision": 0.32918552036199095, "recall": 0.9023255813953488, "f1-score": 0.48238707003729797, "support": 645}, "1": {"precision": 0.9765100671140939, "recall": 0.8831562974203339, "f1-score": 0.9274900398406375, "support": 659}, "2": {"precision": 0.6908396946564885, "recall": 0.5493171471927162, "f1-score": 0.6120033812341503, "support": 659}, "3": {"precision": 0.8181818181818182, "recall": 0.6772793053545586, "f1-score": 0.7410926365795725, "support": 691}, "4": {"precision": 0.7207207207207207, "recall": 0.47832585949177875, "f1-score": 0.5750224618149147, "support": 669}, "5": {"precision": 0.9590747330960854, "recall": 0.8229007633587786, "f1-score": 0.885784716516023, "support": 655}, "6": {"precision": 0.5736040609137056, "recall": 0.3265895953757225, "f1-score": 0.41620626151012896, "support": 692}, "7": {"precision": 0.9027552674230146, "recall": 0.8635658914728682, "f1-score": 0.8827258320126784, "support": 645}, "8": {"precision": 0.9025341130604289, "recall": 0.6838995568685377, "f1-score": 0.7781512605042017, "support": 677}, "9": {"precision": 0.9259259259259259, "recall": 0.9286775631500743, "f1-score": 0.927299703264095, "support": 673}, "micro avg": {"precision": 0.7087771942985747, "recall": 0.7087771942985747, "f1-score": 0.7087771942985748, "support": 6665}, "macro avg": {"precision": 0.7799331921454272, "recall": 0.7116037561080717, "f1-score": 0.72281633633137, "support": 6665}, "avg": {"precision": 0.7802254767703255, "recall": 0.7087771942985747, "f1-score": 0.7218145312951639, "support": 6665}}, "10": {"0": {"precision": 0.11260978670012547, "recall": 0.5565891472868217, "f1-score": 0.1873206365770937, "support": 645}, "1": {"precision": 0.0, "recall": 0.0, "f1-score": 0.0, "support": 659}, "2": {"precision": 0.0, "recall": 0.0, "f1-score": 0.0, "support": 659}, "3": {"precision": 0.0, "recall": 0.0, "f1-score": 0.0, "support": 691}, "4": {"precision": 0.0, "recall": 0.0, "f1-score": 0.0, "support": 669}, "5": {"precision": 0.24755244755244754, "recall": 0.8106870229007633, "f1-score": 0.3792857142857142, "support": 655}, "6": {"precision": 0.0, "recall": 0.0, "f1-score": 0.0, "support": 692}, "7": {"precision": 0.2292418772563177, "recall": 0.3937984496124031, "f1-score": 0.2897889332572733, "support": 645}, "8": {"precision": 0.25, "recall": 0.011816838995568686, "f1-score": 0.022566995768688296, "support": 677}, "9": {"precision": 0.203125, "recall": 0.05794947994056464, "f1-score": 0.09017341040462427, "support": 673}, "micro avg": {"precision": 0.1786946736684171, "recall": 0.1786946736684171, "f1-score": 0.1786946736684171, "support": 6665}, "macro avg": {"precision": 0.10425291115088905, "recall": 0.18308409387361213, "f1-score": 0.09691356902933937, "support": 6665}, "avg": {"precision": 0.10331497395330216, "recall": 0.1786946736684171, "f1-score": 0.09484356740255419, "support": 6665}}}