{"11": {"0": {"precision": 0.6469893742621016, "recall": 0.8496124031007752, "f1-score": 0.7345844504021448, "support": 645}, "1": {"precision": 0.984472049689441, "recall": 0.9620637329286799, "f1-score": 0.9731389102072142, "support": 659}, "2": {"precision": 0.9195171026156942, "recall": 0.6934749620637329, "f1-score": 0.7906574394463668, "support": 659}, "3": {"precision": 0.8938953488372093, "recall": 0.8900144717800289, "f1-score": 0.8919506889050037, "support": 691}, "4": {"precision": 0.8160237388724035, "recall": 0.8221225710014948, "f1-score": 0.8190618019359641, "support": 669}, "5": {"precision": 0.9843505477308294, "recall": 0.9603053435114504, "f1-score": 0.972179289026275, "support": 655}, "6": {"precision": 0.7051851851851851, "recall": 0.6878612716763006, "f1-score": 0.6964155084125823, "support": 692}, "7": {"precision": 0.9373134328358209, "recall": 0.9736434108527132, "f1-score": 0.9551330798479086, "support": 645}, "8": {"precision": 0.9834834834834835, "recall": 0.9675036927621861, "f1-score": 0.975428145941921, "support": 677}, "9": {"precision": 0.9729323308270676, "recall": 0.9613670133729569, "f1-score": 0.9671150971599402, "support": 673}, "micro avg": {"precision": 0.8760690172543136, "recall": 0.8760690172543136, "f1-score": 0.8760690172543137, "support": 6665}, "macro avg": {"precision": 0.8844162594339237, "recall": 0.876796887305032, "f1-score": 0.877566441128532, "support": 6665}, "avg": {"precision": 0.8842528526895981, "recall": 0.8760690172543136, "f1-score": 0.8771838190977568, "support": 6665}}, "00": {"0": {"precision": 0.5259615384615385, "recall": 0.8480620155038759, "f1-score": 0.6492581602373887, "support": 645}, "1": {"precision": 0.9952681388012619, "recall": 0.9575113808801214, "f1-score": 0.9760247486465584, "support": 659}, "2": {"precision": 0.8543307086614174, "recall": 0.6585735963581184, "f1-score": 0.7437874892887747, "support": 659}, "3": {"precision": 0.9178294573643411, "recall": 0.8567293777134588, "f1-score": 0.8862275449101797, "support": 691}, "4": {"precision": 0.8339285714285715, "recall": 0.6980568011958147, "f1-score": 0.7599674532139952, "support": 669}, "5": {"precision": 0.9721362229102167, "recall": 0.9587786259541985, "f1-score": 0.9654112221368178, "support": 655}, "6": {"precision": 0.689873417721519, "recall": 0.630057803468208, "f1-score": 0.6586102719033233, "support": 692}, "7": {"precision": 0.9345509893455098, "recall": 0.951937984496124, "f1-score": 0.9431643625192011, "support": 645}, "8": {"precision": 0.9747023809523809, "recall": 0.9675036927621861, "f1-score": 0.9710896960711638, "support": 677}, "9": {"precision": 0.9612518628912071, "recall": 0.9583952451708767, "f1-score": 0.9598214285714286, "support": 673}, "micro avg": {"precision": 0.8475618904726182, "recall": 0.8475618904726182, "f1-score": 0.8475618904726182, "support": 6665}, "macro avg": {"precision": 0.8659833288537964, "recall": 0.8485606523502982, "f1-score": 0.8513362377498831, "support": 6665}, "avg": {"precision": 0.8663124136441039, "recall": 0.8475618904726182, "f1-score": 0.8511268501179216, "support": 6665}}, "01": {"0": {"precision": 0.0, "recall": 0.0, "f1-score": 0.0, "support": 645}, "1": {"precision": 0.0, "recall": 0.0, "f1-score": 0.0, "support": 659}, "2": {"precision": 0.6714285714285714, "recall": 0.1426403641881639, "f1-score": 0.23529411764705885, "support": 659}, "3": {"precision": 0.0, "recall": 0.0, "f1-score": 0.0, "support": 691}, "4": {"precision": 0.0, "recall": 0.0, "f1-score": 0.0, "support": 669}, "5": {"precision": 0.0, "recall": 0.0, "f1-score": 0.0, "support": 655}, "6": {"precision": 0.10901898734177215, "recall": 0.9956647398843931, "f1-score": 0.19652025099828868, "support": 692}, "7": {"precision": 0.0, "recall": 0.0, "f1-score": 0.0, "support": 645}, "8": {"precision": 0.7268292682926829, "recall": 0.22008862629246675, "f1-score": 0.3378684807256236, "support": 677}, "9": {"precision": 0.0, "recall": 0.0, "f1-score": 0.0, "support": 673}, "micro avg": {"precision": 0.13983495873968493, "recall": 0.13983495873968493, "f1-score": 0.13983495873968493, "support": 6665}, "macro avg": {"precision": 0.15072768270630266, "recall": 0.13583937303650237, "f1-score": 0.0769682849370971, "support": 6665}, "avg": {"precision": 0.15153428093714646, "recall": 0.13983495873968493, "f1-score": 0.07798766671740057, "support": 6665}}, "10": {"0": {"precision": 0.7636932707355243, "recall": 0.7565891472868217, "f1-score": 0.7601246105919003, "support": 645}, "1": {"precision": 0.9952380952380953, "recall": 0.9514415781487102, "f1-score": 0.9728471683475562, "support": 659}, "2": {"precision": 0.8861386138613861, "recall": 0.543247344461305, "f1-score": 0.6735653809971778, "support": 659}, "3": {"precision": 0.9246231155778895, "recall": 0.7988422575976846, "f1-score": 0.8571428571428572, "support": 691}, "4": {"precision": 0.75, "recall": 0.8116591928251121, "f1-score": 0.7796123474515435, "support": 669}, "5": {"precision": 0.9202898550724637, "recall": 0.9694656488549618, "f1-score": 0.9442379182156133, "support": 655}, "6": {"precision": 0.5133531157270029, "recall": 0.75, "f1-score": 0.6095126247798003, "support": 692}, "7": {"precision": 0.9530988274706867, "recall": 0.8821705426356589, "f1-score": 0.9162640901771336, "support": 645}, "8": {"precision": 0.9410029498525073, "recall": 0.9423929098966026, "f1-score": 0.9416974169741698, "support": 677}, "9": {"precision": 0.9323741007194245, "recall": 0.962852897473997, "f1-score": 0.9473684210526316, "support": 673}, "micro avg": {"precision": 0.8367591897974493, "recall": 0.8367591897974493, "f1-score": 0.8367591897974493, "support": 6665}, "macro avg": {"precision": 0.8579811944254981, "recall": 0.8368661519180854, "f1-score": 0.8402372835730383, "support": 6665}, "avg": {"precision": 0.856774149361404, "recall": 0.8367591897974493, "f1-score": 0.8395303268092702, "support": 6665}}}