{"11": {"0": {"precision": 0.6792223572296476, "recall": 0.8666666666666667, "f1-score": 0.7615803814713896, "support": 645}, "1": {"precision": 0.99375, "recall": 0.9650986342943855, "f1-score": 0.979214780600462, "support": 659}, "2": {"precision": 0.8151815181518152, "recall": 0.7496206373292867, "f1-score": 0.7810276679841897, "support": 659}, "3": {"precision": 0.9056603773584906, "recall": 0.9030390738060782, "f1-score": 0.9043478260869566, "support": 691}, "4": {"precision": 0.7908396946564885, "recall": 0.7742899850523169, "f1-score": 0.7824773413897281, "support": 669}, "5": {"precision": 0.9813664596273292, "recall": 0.9648854961832061, "f1-score": 0.9730561970746727, "support": 655}, "6": {"precision": 0.7145187601957586, "recall": 0.6329479768786127, "f1-score": 0.671264367816092, "support": 692}, "7": {"precision": 0.9383458646616541, "recall": 0.9674418604651163, "f1-score": 0.9526717557251909, "support": 645}, "8": {"precision": 0.9820359281437125, "recall": 0.9689807976366323, "f1-score": 0.9754646840148699, "support": 677}, "9": {"precision": 0.972809667673716, "recall": 0.9569093610698366, "f1-score": 0.9647940074906367, "support": 673}, "micro avg": {"precision": 0.8739684921230307, "recall": 0.8739684921230307, "f1-score": 0.8739684921230307, "support": 6665}, "macro avg": {"precision": 0.8773730627698612, "recall": 0.8749880489382138, "f1-score": 0.8745899009654188, "support": 6665}, "avg": {"precision": 0.8772815743242182, "recall": 0.8739684921230307, "f1-score": 0.8740640361675629, "support": 6665}}, "00": {"0": {"precision": 0.27780548628428925, "recall": 0.8635658914728682, "f1-score": 0.420377358490566, "support": 645}, "1": {"precision": 0.9886363636363636, "recall": 0.26403641881638845, "f1-score": 0.41676646706586823, "support": 659}, "2": {"precision": 0.6086956521739131, "recall": 0.29742033383915023, "f1-score": 0.399592252803262, "support": 659}, "3": {"precision": 0.8967391304347826, "recall": 0.23878437047756873, "f1-score": 0.37714285714285717, "support": 691}, "4": {"precision": 0.7207792207792207, "recall": 0.16591928251121077, "f1-score": 0.26974483596597815, "support": 669}, "5": {"precision": 0.9618473895582329, "recall": 0.7312977099236642, "f1-score": 0.8308759757155246, "support": 655}, "6": {"precision": 0.33896396396396394, "recall": 0.434971098265896, "f1-score": 0.3810126582278481, "support": 692}, "7": {"precision": 0.8675721561969439, "recall": 0.7922480620155039, "f1-score": 0.8282009724473257, "support": 645}, "8": {"precision": 0.46375739644970415, "recall": 0.9261447562776958, "f1-score": 0.618038442582553, "support": 677}, "9": {"precision": 0.9698189134808853, "recall": 0.7161961367013373, "f1-score": 0.823931623931624, "support": 673}, "micro avg": {"precision": 0.5405851462865716, "recall": 0.5405851462865716, "f1-score": 0.5405851462865716, "support": 6665}, "macro avg": {"precision": 0.70946156729583, "recall": 0.5430584060301283, "f1-score": 0.5365683444373406, "support": 6665}, "avg": {"precision": 0.7088497231873807, "recall": 0.5405851462865716, "f1-score": 0.5349108719455906, "support": 6665}}, "01": {"0": {"precision": 0.6905940594059405, "recall": 0.8651162790697674, "f1-score": 0.7680660701995871, "support": 645}, "1": {"precision": 0.9875195007800313, "recall": 0.960546282245827, "f1-score": 0.9738461538461539, "support": 659}, "2": {"precision": 0.86, "recall": 0.6525037936267072, "f1-score": 0.7420189818809318, "support": 659}, "3": {"precision": 0.9187116564417178, "recall": 0.8668596237337193, "f1-score": 0.8920327624720774, "support": 691}, "4": {"precision": 0.7073170731707317, "recall": 0.866965620328849, "f1-score": 0.7790463398253863, "support": 669}, "5": {"precision": 0.984399375975039, "recall": 0.9633587786259542, "f1-score": 0.9737654320987654, "support": 655}, "6": {"precision": 0.7327586206896551, "recall": 0.6141618497109826, "f1-score": 0.6682389937106917, "support": 692}, "7": {"precision": 0.9466463414634146, "recall": 0.9627906976744186, "f1-score": 0.9546502690238278, "support": 645}, "8": {"precision": 0.9564586357039188, "recall": 0.9734121122599705, "f1-score": 0.9648609077598829, "support": 677}, "9": {"precision": 0.9616519174041298, "recall": 0.9687964338781575, "f1-score": 0.9652109548482605, "support": 673}, "micro avg": {"precision": 0.868417104276069, "recall": 0.868417104276069, "f1-score": 0.868417104276069, "support": 6665}, "macro avg": {"precision": 0.8746057181034578, "recall": 0.8694511471154354, "f1-score": 0.8681736865665565, "support": 6665}, "avg": {"precision": 0.8744373712967209, "recall": 0.868417104276069, "f1-score": 0.8675948015444038, "support": 6665}}, "10": {"0": {"precision": 0.352506162695152, "recall": 0.6651162790697674, "f1-score": 0.46079484425349077, "support": 645}, "1": {"precision": 0.967948717948718, "recall": 0.4582701062215478, "f1-score": 0.6220391349124613, "support": 659}, "2": {"precision": 0.6774193548387096, "recall": 0.19119878603945373, "f1-score": 0.29822485207100596, "support": 659}, "3": {"precision": 0.8282828282828283, "recall": 0.35600578871201155, "f1-score": 0.4979757085020243, "support": 691}, "4": {"precision": 0.7301587301587301, "recall": 0.2750373692077728, "f1-score": 0.3995656894679696, "support": 669}, "5": {"precision": 0.9491150442477876, "recall": 0.6549618320610687, "f1-score": 0.7750677506775069, "support": 655}, "6": {"precision": 0.25241239207719657, "recall": 0.7182080924855492, "f1-score": 0.373543780533634, "support": 692}, "7": {"precision": 0.9083333333333333, "recall": 0.6759689922480621, "f1-score": 0.7751111111111112, "support": 645}, "8": {"precision": 0.6530612244897959, "recall": 0.8980797636632201, "f1-score": 0.7562189054726367, "support": 677}, "9": {"precision": 0.9367311072056239, "recall": 0.7919762258543833, "f1-score": 0.8582930756843801, "support": 673}, "micro avg": {"precision": 0.568642160540135, "recall": 0.568642160540135, "f1-score": 0.568642160540135, "support": 6665}, "macro avg": {"precision": 0.7255968895277876, "recall": 0.5684823235562837, "f1-score": 0.5816834852686221, "support": 6665}, "avg": {"precision": 0.7242671977724846, "recall": 0.568642160540135, "f1-score": 0.5807617526218828, "support": 6665}}}