{"11": {"0": {"precision": 0.6450867052023121, "recall": 0.8651162790697674, "f1-score": 0.7390728476821192, "support": 645}, "1": {"precision": 0.9786259541984733, "recall": 0.9726858877086495, "f1-score": 0.9756468797564689, "support": 659}, "2": {"precision": 0.843103448275862, "recall": 0.7420333839150227, "f1-score": 0.7893462469733656, "support": 659}, "3": {"precision": 0.8887303851640513, "recall": 0.9015918958031838, "f1-score": 0.8951149425287357, "support": 691}, "4": {"precision": 0.7851739788199698, "recall": 0.7757847533632287, "f1-score": 0.780451127819549, "support": 669}, "5": {"precision": 0.9842767295597484, "recall": 0.9557251908396946, "f1-score": 0.9697908597986058, "support": 655}, "6": {"precision": 0.7232142857142857, "recall": 0.5852601156069365, "f1-score": 0.646964856230032, "support": 692}, "7": {"precision": 0.9483568075117371, "recall": 0.9395348837209302, "f1-score": 0.9439252336448598, "support": 645}, "8": {"precision": 0.9717682020802377, "recall": 0.96602658788774, "f1-score": 0.9688888888888888, "support": 677}, "9": {"precision": 0.9381294964028777, "recall": 0.9687964338781575, "f1-score": 0.9532163742690059, "support": 673}, "micro avg": {"precision": 0.8661665416354088, "recall": 0.8661665416354088, "f1-score": 0.8661665416354088, "support": 6665}, "macro avg": {"precision": 0.8706465992929555, "recall": 0.867255541179331, "f1-score": 0.8662418257591631, "support": 6665}, "avg": {"precision": 0.8705324227116951, "recall": 0.8661665416354088, "f1-score": 0.8656677500539511, "support": 6665}}, "00": {"0": {"precision": 0.35145631067961164, "recall": 0.8418604651162791, "f1-score": 0.4958904109589041, "support": 645}, "1": {"precision": 0.842032967032967, "recall": 0.9301972685887708, "f1-score": 0.8839221341023792, "support": 659}, "2": {"precision": 0.6252545824847251, "recall": 0.4658573596358118, "f1-score": 0.533913043478261, "support": 659}, "3": {"precision": 0.8733205374280231, "recall": 0.658465991316932, "f1-score": 0.7508250825082509, "support": 691}, "4": {"precision": 0.6536697247706422, "recall": 0.4260089686098655, "f1-score": 0.5158371040723982, "support": 669}, "5": {"precision": 0.9611486486486487, "recall": 0.8687022900763359, "f1-score": 0.9125902165196472, "support": 655}, "6": {"precision": 0.421455938697318, "recall": 0.3179190751445087, "f1-score": 0.3624382207578254, "support": 692}, "7": {"precision": 0.8546762589928057, "recall": 0.9209302325581395, "f1-score": 0.8865671641791044, "support": 645}, "8": {"precision": 0.8912579957356077, "recall": 0.6174298375184638, "f1-score": 0.7294938917975567, "support": 677}, "9": {"precision": 0.9294294294294294, "recall": 0.9197622585438335, "f1-score": 0.9245705750560119, "support": 673}, "micro avg": {"precision": 0.6936234058514629, "recall": 0.6936234058514629, "f1-score": 0.6936234058514629, "support": 6665}, "macro avg": {"precision": 0.7403702393899779, "recall": 0.6967133747108941, "f1-score": 0.6996047843430339, "support": 6665}, "avg": {"precision": 0.7405483996050433, "recall": 0.6936234058514629, "f1-score": 0.6983662228014583, "support": 6665}}, "01": {"0": {"precision": 0.23076923076923078, "recall": 0.5023255813953489, "f1-score": 0.3162518301610542, "support": 645}, "1": {"precision": 1.0, "recall": 0.02276176024279211, "f1-score": 0.044510385756676554, "support": 659}, "2": {"precision": 0.38190045248868776, "recall": 0.6403641881638846, "f1-score": 0.4784580498866213, "support": 659}, "3": {"precision": 0.75, "recall": 0.017366136034732273, "f1-score": 0.033946251768033946, "support": 691}, "4": {"precision": 0.5907473309608541, "recall": 0.24813153961136025, "f1-score": 0.3494736842105263, "support": 669}, "5": {"precision": 1.0, "recall": 0.0015267175572519084, "f1-score": 0.0030487804878048777, "support": 655}, "6": {"precision": 0.13930581613508441, "recall": 0.4291907514450867, "f1-score": 0.21033994334277617, "support": 692}, "7": {"precision": 0.0, "recall": 0.0, "f1-score": 0.0, "support": 645}, "8": {"precision": 0.16, "recall": 0.39586410635155095, "f1-score": 0.22789115646258504, "support": 677}, "9": {"precision": 0.9722222222222222, "recall": 0.05200594353640416, "f1-score": 0.0987306064880113, "support": 673}, "micro avg": {"precision": 0.23105776444111029, "recall": 0.23105776444111029, "f1-score": 0.23105776444111029, "support": 6665}, "macro avg": {"precision": 0.522494505257608, "recall": 0.23095367243384116, "f1-score": 0.17626506885640897, "support": 6665}, "avg": {"precision": 0.5231813498529699, "recall": 0.23105776444111029, "f1-score": 0.1761670798733206, "support": 6665}}, "10": {"0": {"precision": 0.1746031746031746, "recall": 0.017054263565891473, "f1-score": 0.031073446327683614, "support": 645}, "1": {"precision": 0.0, "recall": 0.0, "f1-score": 0.0, "support": 659}, "2": {"precision": 0.42857142857142855, "recall": 0.009104704097116844, "f1-score": 0.017830609212481426, "support": 659}, "3": {"precision": 0.5, "recall": 0.001447178002894356, "f1-score": 0.0028860028860028856, "support": 691}, "4": {"precision": 0.0, "recall": 0.0, "f1-score": 0.0, "support": 669}, "5": {"precision": 0.4883720930232558, "recall": 0.03206106870229008, "f1-score": 0.060171919770773644, "support": 655}, "6": {"precision": 0.18085106382978725, "recall": 0.024566473988439308, "f1-score": 0.04325699745547074, "support": 692}, "7": {"precision": 0.41935483870967744, "recall": 0.020155038759689922, "f1-score": 0.03846153846153846, "support": 645}, "8": {"precision": 0.10123225705818126, "recall": 0.9586410635155096, "f1-score": 0.18312641083521447, "support": 677}, "9": {"precision": 0.6666666666666666, "recall": 0.005943536404160475, "f1-score": 0.011782032400589101, "support": 673}, "micro avg": {"precision": 0.1083270817704426, "recall": 0.1083270817704426, "f1-score": 0.1083270817704426, "support": 6665}, "macro avg": {"precision": 0.29596515224621717, "recall": 0.1068973327035992, "f1-score": 0.03885889573497543, "support": 6665}, "avg": {"precision": 0.29606377371505793, "recall": 0.1083270817704426, "f1-score": 0.03898679704191758, "support": 6665}}}