{"11": {"0": {"precision": 0.7852257181942545, "recall": 0.889922480620155, "f1-score": 0.8343023255813954, "support": 645}, "1": {"precision": 0.9938650306748467, "recall": 0.9833080424886191, "f1-score": 0.988558352402746, "support": 659}, "2": {"precision": 0.8755980861244019, "recall": 0.8330804248861912, "f1-score": 0.8538102643856921, "support": 659}, "3": {"precision": 0.9748520710059172, "recall": 0.9536903039073806, "f1-score": 0.964155084125823, "support": 691}, "4": {"precision": 0.8788774002954209, "recall": 0.8893871449925261, "f1-score": 0.8841010401188707, "support": 669}, "5": {"precision": 0.9889589905362776, "recall": 0.9572519083969465, "f1-score": 0.9728471683475562, "support": 655}, "6": {"precision": 0.7837423312883436, "recall": 0.7384393063583815, "f1-score": 0.7604166666666667, "support": 692}, "7": {"precision": 0.9495412844036697, "recall": 0.9627906976744186, "f1-score": 0.9561200923787528, "support": 645}, "8": {"precision": 0.9941176470588236, "recall": 0.9985228951255539, "f1-score": 0.9963154016212232, "support": 677}, "9": {"precision": 0.9633431085043989, "recall": 0.9762258543833581, "f1-score": 0.9697416974169741, "support": 673}, "micro avg": {"precision": 0.9177794448612153, "recall": 0.9177794448612153, "f1-score": 0.9177794448612153, "support": 6665}, "macro avg": {"precision": 0.9188121668086355, "recall": 0.9182619058833531, "f1-score": 0.9180368093045701, "support": 6665}, "avg": {"precision": 0.9188234154004759, "recall": 0.9177794448612153, "f1-score": 0.9178099107094553, "support": 6665}}, "00": {"0": {"precision": 0.7003841229193342, "recall": 0.8480620155038759, "f1-score": 0.7671809256661991, "support": 645}, "1": {"precision": 0.9921259842519685, "recall": 0.9559939301972686, "f1-score": 0.973724884080371, "support": 659}, "2": {"precision": 0.7911585365853658, "recall": 0.787556904400607, "f1-score": 0.7893536121673003, "support": 659}, "3": {"precision": 0.9, "recall": 0.8856729377713459, "f1-score": 0.8927789934354486, "support": 691}, "4": {"precision": 0.8126888217522659, "recall": 0.804185351270553, "f1-score": 0.8084147257700977, "support": 669}, "5": {"precision": 0.9694656488549618, "recall": 0.9694656488549618, "f1-score": 0.9694656488549618, "support": 655}, "6": {"precision": 0.7133333333333334, "recall": 0.6184971098265896, "f1-score": 0.6625386996904025, "support": 692}, "7": {"precision": 0.9528301886792453, "recall": 0.9395348837209302, "f1-score": 0.9461358313817331, "support": 645}, "8": {"precision": 0.9733727810650887, "recall": 0.9719350073855244, "f1-score": 0.9726533628972653, "support": 677}, "9": {"precision": 0.9532163742690059, "recall": 0.9687964338781575, "f1-score": 0.9609432571849669, "support": 673}, "micro avg": {"precision": 0.8739684921230307, "recall": 0.8739684921230307, "f1-score": 0.8739684921230307, "support": 6665}, "macro avg": {"precision": 0.875857579171057, "recall": 0.8749700222809814, "f1-score": 0.8743189941128746, "support": 6665}, "avg": {"precision": 0.8756505943429747, "recall": 0.8739684921230307, "f1-score": 0.8737247850382464, "support": 6665}}, "01": {"0": {"precision": 0.4383697813121272, "recall": 0.6837209302325581, "f1-score": 0.534221683827983, "support": 645}, "1": {"precision": 1.0, "recall": 0.6752655538694993, "f1-score": 0.8061594202898551, "support": 659}, "2": {"precision": 0.5355769230769231, "recall": 0.8452200303490136, "f1-score": 0.6556798116539141, "support": 659}, "3": {"precision": 1.0, "recall": 0.09261939218523878, "f1-score": 0.1695364238410596, "support": 691}, "4": {"precision": 0.8321167883211679, "recall": 0.34080717488789236, "f1-score": 0.48356309650053014, "support": 669}, "5": {"precision": 1.0, "recall": 0.05801526717557252, "f1-score": 0.10966810966810966, "support": 655}, "6": {"precision": 0.39328743545611017, "recall": 0.6604046242774566, "f1-score": 0.4929881337648328, "support": 692}, "7": {"precision": 0.0, "recall": 0.0, "f1-score": 0.0, "support": 645}, "8": {"precision": 0.2519954389965792, "recall": 0.9793205317577548, "f1-score": 0.40084643288996374, "support": 677}, "9": {"precision": 1.0, "recall": 0.007429420505200594, "f1-score": 0.014749262536873156, "support": 673}, "micro avg": {"precision": 0.4348087021755439, "recall": 0.4348087021755439, "f1-score": 0.4348087021755439, "support": 6665}, "macro avg": {"precision": 0.6451346367162908, "recall": 0.4342802925240187, "f1-score": 0.36674123749731213, "support": 6665}, "avg": {"precision": 0.647132130559218, "recall": 0.4348087021755439, "f1-score": 0.3665203465123356, "support": 6665}}, "10": {"0": {"precision": 0.3615819209039548, "recall": 0.09922480620155039, "f1-score": 0.1557177615571776, "support": 645}, "1": {"precision": 0.8940809968847352, "recall": 0.8710166919575114, "f1-score": 0.8823981552651805, "support": 659}, "2": {"precision": 0.6052631578947368, "recall": 0.24430955993930198, "f1-score": 0.3481081081081081, "support": 659}, "3": {"precision": 0.2527881040892193, "recall": 0.984081041968162, "f1-score": 0.4022478556640047, "support": 691}, "4": {"precision": 0.3656006914433881, "recall": 0.6322869955156951, "f1-score": 0.4633077765607887, "support": 669}, "5": {"precision": 0.9813953488372092, "recall": 0.6442748091603053, "f1-score": 0.7778801843317972, "support": 655}, "6": {"precision": 0.3108108108108108, "recall": 0.033236994219653176, "f1-score": 0.06005221932114883, "support": 692}, "7": {"precision": 0.9072164948453608, "recall": 0.6821705426356589, "f1-score": 0.7787610619469026, "support": 645}, "8": {"precision": 0.5357142857142857, "recall": 0.04431314623338257, "f1-score": 0.08185538881309685, "support": 677}, "9": {"precision": 0.9127906976744186, "recall": 0.9331352154531947, "f1-score": 0.922850844966936, "support": 673}, "micro avg": {"precision": 0.5168792198049512, "recall": 0.5168792198049512, "f1-score": 0.5168792198049512, "support": 6665}, "macro avg": {"precision": 0.612724250909812, "recall": 0.5168049803284416, "f1-score": 0.4873179356535141, "support": 6665}, "avg": {"precision": 0.6092405047550137, "recall": 0.5168792198049512, "f1-score": 0.48448777387890485, "support": 6665}}}